adventure-works\ken0,Chief Executive Officer
adventure-works\terri0,Vice President of Engineering
adventure-works\roberto0,Engineering Manager
adventure-works\rob0,Senior Tool Designer
adventure-works\gail0,Design Engineer
adventure-works\jossef0,Design Engineer
adventure-works\dylan0,Research and Development Manager
adventure-works\diane1,Research and Development Engineer
adventure-works\gigi0,Research and Development Engineer
adventure-works\michael6,Research and Development Manager
adventure-works\ovidiu0,Senior Tool Designer
adventure-works\thierry0,Tool Designer
adventure-works\janice0,Tool Designer
adventure-works\michael8,Senior Design Engineer
adventure-works\sharon0,Design Engineer
adventure-works\david0,Marketing Manager
adventure-works\kevin0,Marketing Assistant
adventure-works\john5,Marketing Specialist
adventure-works\mary2,Marketing Assistant
adventure-works\wanida0,Marketing Assistant
adventure-works\terry0,Marketing Specialist
adventure-works\sariya0,Marketing Specialist
adventure-works\mary0,Marketing Specialist
adventure-works\jill0,Marketing Specialist
adventure-works\james1,Vice President of Production
adventure-works\peter0,Production Control Manager
adventure-works\jo0,Production Supervisor - WC60
adventure-works\guy1,Production Technician - WC60
adventure-works\mark1,Production Technician - WC60
adventure-works\britta0,Production Technician - WC60
adventure-works\margie0,Production Technician - WC60
adventure-works\rebecca0,Production Technician - WC60
adventure-works\annik0,Production Technician - WC60
adventure-works\suchitra0,Production Technician - WC60
adventure-works\brandon0,Production Technician - WC60
adventure-works\jose0,Production Technician - WC60
adventure-works\chris2,Production Technician - WC60
adventure-works\kim1,Production Technician - WC60
adventure-works\ed0,Production Technician - WC60
adventure-works\jolynn0,Production Supervisor - WC60
adventure-works\bryan0,Production Technician - WC60
adventure-works\james0,Production Technician - WC60
adventure-works\nancy0,Production Technician - WC60
adventure-works\simon0,Production Technician - WC60
adventure-works\thomas0,Production Technician - WC60
adventure-works\eugene1,Production Technician - WC60
adventure-works\andrew0,Production Supervisor - WC10
adventure-works\ruth0,Production Technician - WC10
adventure-works\barry0,Production Technician - WC10
adventure-works\sidney0,Production Technician - WC10
adventure-works\jeffrey0,Production Technician - WC10
adventure-works\doris0,Production Technician - WC10
adventure-works\diane0,Production Technician - WC10
adventure-works\bonnie0,Production Technician - WC10
adventure-works\taylor0,Production Supervisor - WC50
adventure-works\denise0,Production Technician - WC50
adventure-works\frank1,Production Technician - WC50
adventure-works\kendall0,Production Technician - WC50
adventure-works\bob0,Production Technician - WC50
adventure-works\pete0,Production Technician - WC50
adventure-works\diane2,Production Technician - WC50
adventure-works\john0,Production Supervisor - WC60
adventure-works\maciej0,Production Technician - WC60
adventure-works\michael7,Production Technician - WC60
adventure-works\randy0,Production Technician - WC60
adventure-works\karan0,Production Technician - WC60
adventure-works\jay0,Production Technician - WC60
adventure-works\charles0,Production Technician - WC60
adventure-works\steve0,Production Technician - WC60
adventure-works\david2,Production Technician - WC60
adventure-works\michael3,Production Supervisor - WC30
adventure-works\steven0,Production Technician - WC30
adventure-works\carole0,Production Technician - WC30
adventure-works\bjorn0,Production Technician - WC30
adventure-works\michiko0,Production Technician - WC30
adventure-works\carol0,Production Technician - WC30
adventure-works\merav0,Production Technician - WC30
adventure-works\reuben0,Production Supervisor - WC40
adventure-works\eric1,Production Technician - WC40
adventure-works\sandeep0,Production Technician - WC40
adventure-works\mihail0,Production Technician - WC40
adventure-works\jack1,Production Technician - WC40
adventure-works\patrick1,Production Technician - WC40
adventure-works\frank3,Production Technician - WC40
adventure-works\brian2,Production Technician - WC40
adventure-works\ryan0,Production Technician - WC40
adventure-works\cristian0,Production Supervisor - WC10
adventure-works\betsy0,Production Technician - WC10
adventure-works\patrick0,Production Technician - WC10
adventure-works\danielle0,Production Technician - WC10
adventure-works\kimberly0,Production Technician - WC10
adventure-works\tom0,Production Technician - WC10
adventure-works\kok-ho0,Production Supervisor - WC50
adventure-works\russell0,Production Technician - WC50
adventure-works\jim0,Production Technician - WC50
adventure-works\elizabeth0,Production Technician - WC50
adventure-works\mandar0,Production Technician - WC50
adventure-works\sameer0,Production Technician - WC50
adventure-works\nuan0,Production Technician - WC50
adventure-works\lolan0,Production Technician - WC50
adventure-works\houman0,Production Technician - WC50
adventure-works\zheng0,Production Supervisor - WC10
adventure-works\ebru0,Production Technician - WC10
adventure-works\mary1,Production Technician - WC10
adventure-works\kevin2,Production Technician - WC10
adventure-works\john4,Production Technician - WC10
adventure-works\christopher0,Production Technician - WC10
adventure-works\jinghao0,Production Supervisor - WC50
adventure-works\alice0,Production Technician - WC50
adventure-works\jun0,Production Technician - WC50
adventure-works\suroor0,Production Technician - WC50
adventure-works\john1,Production Technician - WC50
adventure-works\linda0,Production Technician - WC50
adventure-works\mindaugas0,Production Technician - WC50
adventure-works\angela0,Production Technician - WC50
adventure-works\michael2,Production Technician - WC50
adventure-works\chad0,Production Technician - WC50
adventure-works\don0,Production Technician - WC50
adventure-works\michael4,Production Technician - WC50
adventure-works\kitti0,Production Technician - WC50
adventure-works\pilar0,Shipping and Receiving Supervisor
adventure-works\susan0,Stocker
adventure-works\vamsi0,Shipping and Receiving Clerk
adventure-works\kim0,Stocker
adventure-works\matthias0,Shipping and Receiving Clerk
adventure-works\jimmy0,Stocker
adventure-works\david4,Production Supervisor - WC40
adventure-works\paul0,Production Technician - WC40
adventure-works\gary0,Production Technician - WC40
adventure-works\rob1,Production Technician - WC40
adventure-works\baris0,Production Technician - WC40
adventure-works\nicole0,Production Technician - WC40
adventure-works\michael1,Production Technician - WC40
adventure-works\eric0,Production Supervisor - WC20
adventure-works\ivo0,Production Technician - WC20
adventure-works\sylvester0,Production Technician - WC20
adventure-works\anibal0,Production Technician - WC20
adventure-works\samantha0,Production Technician - WC20
adventure-works\hung-fu0,Production Technician - WC20
adventure-works\prasanna0,Production Technician - WC20
adventure-works\min0,Production Technician - WC20
adventure-works\olinda0,Production Technician - WC20
adventure-works\krishna0,Production Technician - WC20
adventure-works\paul1,Production Technician - WC20
adventure-works\cynthia0,Production Supervisor - WC30
adventure-works\jianshuo0,Production Technician - WC30
adventure-works\sandra0,Production Technician - WC30
adventure-works\jason0,Production Technician - WC30
adventure-works\andy0,Production Technician - WC30
adventure-works\michael5,Production Technician - WC30
adventure-works\rostislav0,Production Technician - WC30
adventure-works\yuhong0,Production Supervisor - WC20
adventure-works\hanying0,Production Technician - WC20
adventure-works\raymond0,Production Technician - WC20
adventure-works\fadi0,Production Technician - WC20
adventure-works\lane0,Production Technician - WC20
adventure-works\linda1,Production Technician - WC20
adventure-works\shelley0,Production Technician - WC20
adventure-works\terrence0,Production Technician - WC20
adventure-works\jeff0,Production Supervisor - WC45
adventure-works\kirk0,Production Technician - WC45
adventure-works\laura0,Production Technician - WC45
adventure-works\alex0,Production Technician - WC45
adventure-works\andrew1,Production Technician - WC45
adventure-works\chris0,Production Technician - WC45
adventure-works\jack0,Production Supervisor - WC30
adventure-works\david1,Production Technician - WC30
adventure-works\garrett0,Production Technician - WC30
adventure-works\susan1,Production Technician - WC30
adventure-works\george0,Production Technician - WC30
adventure-works\david3,Production Technician - WC30
adventure-works\marc0,Production Technician - WC30
adventure-works\eugene0,Production Technician - WC30
adventure-works\benjamin0,Production Technician - WC30
adventure-works\reed0,Production Technician - WC30
adventure-works\david7,Production Technician - WC30
adventure-works\russell1,Production Technician - WC30
adventure-works\john3,Production Technician - WC30
adventure-works\jan0,Production Technician - WC30
adventure-works\katie0,Production Supervisor - WC20
adventure-works\michael0,Production Technician - WC20
adventure-works\nitin0,Production Technician - WC20
adventure-works\barbara0,Production Technician - WC20
adventure-works\john2,Production Technician - WC20
adventure-works\stefen0,Production Technician - WC20
adventure-works\shane0,Production Supervisor - WC45
adventure-works\yvonne0,Production Technician - WC45
adventure-works\douglas0,Production Technician - WC45
adventure-works\janeth0,Production Technician - WC45
adventure-works\robert0,Production Technician - WC45
adventure-works\lionel0,Production Technician - WC45
adventure-works\brenda0,Production Supervisor - WC40
adventure-works\alejandro0,Production Technician - WC40
adventure-works\fred0,Production Technician - WC40
adventure-works\kevin1,Production Technician - WC40
adventure-works\shammi0,Production Technician - WC40
adventure-works\rajesh0,Production Technician - WC40
adventure-works\lorraine0,Production Technician - WC40
adventure-works\paula1,Production Technician - WC40
adventure-works\frank0,Production Technician - WC40
adventure-works\brian0,Production Technician - WC40
adventure-works\tawana0,Production Technician - WC40
adventure-works\ken1,Production Technician - WC40
adventure-works\gabe0,Production Technician - WC40
adventure-works\lori0,Production Supervisor - WC45
adventure-works\stuart0,Production Technician - WC45
adventure-works\greg0,Production Technician - WC45
adventure-works\scott0,Production Technician - WC45
adventure-works\kathie0,Production Technician - WC45
adventure-works\belinda0,Production Technician - WC45
adventure-works\hazem0,Quality Assurance Manager
adventure-works\peng0,Quality Assurance Supervisor
adventure-works\sootha0,Quality Assurance Technician
adventure-works\andreas0,Quality Assurance Technician
adventure-works\mark0,Quality Assurance Technician
adventure-works\sean0,Quality Assurance Technician
adventure-works\zainal0,Document Control Manager
adventure-works\tengiz0,Control Specialist
adventure-works\sean1,Document Control Assistant
adventure-works\karen0,Document Control Assistant
adventure-works\chris1,Control Specialist
adventure-works\ascott0,Master Scheduler
adventure-works\sairaj0,Scheduling Assistant
adventure-works\william0,Scheduling Assistant
adventure-works\alan0,Scheduling Assistant
adventure-works\brian1,Scheduling Assistant
adventure-works\gary1,Facilities Manager
adventure-works\christian0,Maintenance Supervisor
adventure-works\lori1,Janitor
adventure-works\stuart1,Janitor
adventure-works\jo1,Janitor
adventure-works\pat0,Janitor
adventure-works\magnus0,Facilities Administrative Assistant
adventure-works\laura1,Chief Financial Officer
adventure-works\paula0,Human Resources Manager
adventure-works\grant0,Human Resources Administrative Assistant
adventure-works\hao0,Human Resources Administrative Assistant
adventure-works\vidur0,Recruiter
adventure-works\mindy0,Benefits Specialist
adventure-works\willis0,Recruiter
adventure-works\david6,Accounts Manager
adventure-works\deborah0,Accounts Receivable Specialist
adventure-works\candy0,Accounts Receivable Specialist
adventure-works\bryan1,Accounts Receivable Specialist
adventure-works\barbara1,Accountant
adventure-works\dragan0,Accounts Payable Specialist
adventure-works\janet0,Accounts Payable Specialist
adventure-works\mike0,Accountant
adventure-works\wendy0,Finance Manager
adventure-works\sheela0,Purchasing Manager
adventure-works\mikael0,Buyer
adventure-works\arvind0,Buyer
adventure-works\linda2,Buyer
adventure-works\fukiko0,Buyer
adventure-works\gordon0,Buyer
adventure-works\frank2,Buyer
adventure-works\eric2,Buyer
adventure-works\erin0,Buyer
adventure-works\ben0,Buyer
adventure-works\annette0,Purchasing Assistant
adventure-works\reinout0,Purchasing Assistant
adventure-works\david5,Assistant to the Chief Financial Officer
adventure-works\jean0,Information Services Manager
adventure-works\stephanie0,Network Manager
adventure-works\ashvini0,Network Administrator
adventure-works\peter1,Network Administrator
adventure-works\karen1,Application Specialist
adventure-works\ramesh0,Application Specialist
adventure-works\dan0,Application Specialist
adventure-works\françois0,Database Administrator
adventure-works\dan1,Database Administrator
adventure-works\janaina0,Application Specialist
adventure-works\brian3,Vice President of Sales
adventure-works\stephen0,North American Sales Manager
adventure-works\michael9,Sales Representative
adventure-works\linda3,Sales Representative
adventure-works\jillian0,Sales Representative
adventure-works\garrett1,Sales Representative
adventure-works\tsvi0,Sales Representative
adventure-works\pamela0,Sales Representative
adventure-works\shu0,Sales Representative
adventure-works\josé1,Sales Representative
adventure-works\david8,Sales Representative
adventure-works\tete0,Sales Representative
adventure-works\syed0,Pacific Sales Manager
adventure-works\lynn0,Sales Representative
adventure-works\amy0,European Sales Manager
adventure-works\rachel0,Sales Representative
adventure-works\jae0,Sales Representative
adventure-works\ranjit0,Sales Representative
